diq,primary contributor,filename,blank,comment,code,"http://cloc.sourceforge.net v 1.64  T=0.13 s (140.5 files/s, 17767.4 lines/s)"
C++,Geonhwi Sim,Game\Button.cpp,14,9,43,
C++,Geonhwi Sim,Game\EnemyPart.cpp,8,1,41,
C++,Geonhwi Sim,Game\GreatPeople.cpp,6,0,39,
C++,Geonhwi Sim,Game\HeadQuarters.cpp,7,4,33,
C++,Geonhwi Sim,Game\HumanResources.cpp,16,1,112,
C++,Geonhwi Sim,Game\Lose.cpp,6,1,36,
C++,Geonhwi Sim,Game\MainGame.cpp,10,1,64,
C++,Geonhwi Sim,Game\MainMenu.cpp,8,5,38,
C++,Geonhwi Sim,Game\Silhouette.cpp,29,1,267,
C++,Geonhwi Sim,Game\Splash.cpp,5,0,23,
C++,Geonhwi Sim,Game\Win.cpp,6,1,36,
C++,Geonhwi Sim,Source\Engine.cpp,13,3,47,
C++,Geonhwi Sim,Source\Window.cpp,22,1,133,912
C++,Jihyeon Song,Game\Background.cpp,5,1,19,
C++,Jihyeon Song,Game\UI.cpp,16,24,76,
C++,Jihyeon Song,Source\GameStateManager.cpp,7,2,68,
C++,Jihyeon Song,Source\glapp.cpp,15,16,51,
C++,Jihyeon Song,Source\Shape.cpp,8,0,61,
C++,Jihyeon Song,Source\SpriteFont.cpp,18,10,73,
C++,Jihyeon Song,Source\Texture.cpp,36,12,93,
C++,Jihyeon Song,Source\TextureManager.cpp,3,0,17,
C++,"Jihyeon Song, Juhong Mo",Game\Hero.cpp,8,3,49,
C++,"Jihyeon Song, Taeju Kwon",Game\FieldPart.cpp,21,15,62,
C++,"Jihyeon Song, Taeju Kwon",Source\glslshader.cpp,42,17,322,891
C++,Juhong Mo,Game\Beaker.cpp,13,0,37,
C++,Juhong Mo,Game\ItemPart.cpp,86,131,291,
C++,Juhong Mo,Game\Music.cpp,3,16,10,
C++,Juhong Mo,Game\Potion.cpp,17,48,73,
C++,Juhong Mo,Game\StatsforItem.cpp,15,0,51,
C++,Juhong Mo,Source\GameObject.cpp,19,34,64,
C++,Juhong Mo,Source\Input.cpp,15,0,43,
C++,Juhong Mo,Source\Input_Coconut.cpp,8,13,110,
C++,Juhong Mo,Source\Sprite.cpp,17,6,137,865
C++,Taeju Kwon,Game\FieldHero.cpp,17,1,115,
C++,Taeju Kwon,Game\FieldWorker.cpp,12,0,65,
C++,Taeju Kwon,Game\Score.cpp,4,0,19,
C++,Taeju Kwon,Source\Animation.cpp,15,1,87,
C++,Taeju Kwon,Source\GameObjectManager.cpp,6,20,27,
C++,Taeju Kwon,Source\Image.cpp,32,8,138,
C++,Taeju Kwon,Source\Logger.cpp,10,1,101,
C++,Taeju Kwon,Source\MatrixOperator.cpp,36,67,171,1107
,,,,,3342,
